Churn_Yes,proportion
0.0,73.33821376281112
1.0,26.661786237188874
